0	1	2	3	4
-0.5397750331437796	0.14275238702245302	0.49003722597541166	0.412134327188386	0.5275163344440843
-0.9073342328582781	0.3966749482054372	-0.09215978263295405	0.09758460818274682	0.037113259902089246
-0.6857278922233082	-0.01591121078847935	0.27884726439935753	0.6036554259192868	0.2955814965342429
-0.9129277417735956	0.24497792077277988	-0.16359536863504923	0.28217770325401836	0.012690775447477362
-0.34960693082673183	0.008208837187310799	-0.4358369506669018	-0.6838815049243272	-0.4691053704294583
-0.24495647739142867	-0.14934961243666448	-0.4444190450779858	-0.6252010464381892	-0.5738522295448237
0.11097489462948695	-0.7028729930004008	-0.37553420586996367	0.41561075056562646	-0.4241413593467691
-0.06540255703164763	-0.3131566091328001	0.15171612972820234	0.02591718001668421	-0.9348614653789334
-0.9159363236253703	0.35251627884493936	-0.04235407576307296	0.16950677851898927	0.07916128166804899
0.08656013764335091	0.8577797694145103	0.03791324440860761	-0.4196859655052924	-0.28133162995059313
-0.10345756008884482	-0.092501568687315	0.9128969059198828	0.1930017811327787	-0.33182758277805713
-0.23696388783866343	0.6652857573632898	0.5352027043822783	-0.446805562524027	0.12314963024476651
0.5398349936537044	0.2717624392562822	0.7388241168831408	-0.2285184891083489	-0.19141990670738862
-0.9192672451240186	0.3621373464409307	-0.06309727917135585	0.1391232596506119	0.021626981763050706
-0.8962898876514253	0.40520031225889147	-0.05204240805139555	0.12302938091046095	0.12096488513652683
-0.8934614412950133	0.41821003807286966	-0.02480945348984576	0.1084053344486376	0.12024887298740282
0.2535944796290248	0.44815607853167244	0.4863051030842224	-0.6730910587932097	-0.21284205990282407
0.20949939530669265	-0.7490248163451169	-0.16451534911131205	0.5093404874274439	-0.3295129673309553
0.38201367483445375	-0.01713249747836865	0.7830750235143641	0.13177589886991942	0.47244116014021564
0.406384585139514	-0.6028008700350104	-0.20479947785636096	-0.2294150698041444	-0.6139288066726801
-0.5459764092895928	-0.3764992053145669	-0.31355350164748785	0.5532553582684363	-0.39465278289732814
-0.8905439639606519	0.4257885353752432	-0.03867272763541057	0.09976756928926786	0.119106774163364
-0.4413964973549984	-0.44631216823811865	-0.4623117863110082	0.491110939392342	-0.3886546513968721
-0.1854468259874698	-0.4832415096023345	0.3902824422328496	0.7453520554690399	-0.1556182727743423
0.268292331279049	0.8128464051874402	0.27603137258017624	-0.3584284383944631	-0.2502712177864627
0.30223993949799366	0.1900683908507309	0.6639231380444195	-0.4512048999631093	-0.4776455074531677
-0.39807844304280154	0.11940960347178609	-0.34369526762747415	-0.7567249184705211	-0.36948052798434694
0.4737831298876886	0.34489124491184564	0.7173292022236978	-0.012456183921117595	0.3766473604530098
-0.8549916533403571	-0.01629598557044108	-0.2547735626230945	0.42855393238419887	-0.1419706744330894
0.602305404760601	-0.11848729520579633	0.5975680659825172	-0.5121310715224403	-0.06183148364849378
0.5942444500857494	-0.013738937510773536	0.5580427452309509	-0.4575530301824939	-0.3548496783206687
-0.6113944141309218	-0.43468074851531147	0.0243323955518866	0.606987597521757	-0.26119630208168615
0.508989302974655	0.09066762027914588	-0.18438017414496832	-0.6792994855171305	-0.48709899655893824
0.6452687530557795	0.12489393440412618	0.6669529270814212	0.05172900665089878	0.34717091526700916
-0.28922348348488536	0.3791166385752278	0.850884872273024	-0.08265792695577842	0.20440878700432896
-0.9140147890709884	0.13482311866920038	-0.15070474925681945	0.3468981857178777	-0.05787416806236954
-0.8914255125989342	0.31986736236388863	0.21437643406229137	0.230844748970734	0.061634993092162145
0.35332422870172087	0.586258597155367	0.3931342755440917	-0.5720670637295747	-0.22281733025507702
0.14571289446597246	-0.7141790406159942	-0.4632476468934466	-0.04769396379167804	-0.5018395697797148
-0.889029525229437	0.43152012699488906	-0.03506953431961289	0.09059199563842746	0.1182374786499154
-0.29742905666869207	0.3822239092939467	0.8499068165969387	-0.108926976563442	-0.1767318768418138
-0.8538347190996108	0.46049376360578975	0.10879465683328046	0.11040377413479294	0.18677926930359856
0.12214303901224932	0.28802766385512485	-0.5457446368879582	-0.5295763253095194	-0.5690631334524389
-0.28160224859603006	-0.13353615926401707	-0.4664212468355197	-0.648738780018271	-0.5142542985289276
-0.4401954219146112	0.7122233834860389	0.4462723631902781	-0.1736007316926589	0.26395000729201396
-0.8281223044556372	-0.0320843136351544	0.09925517815982468	0.5439227287880152	0.08649000172220239
0.34522750310323025	-0.5877112817946231	0.6201102603135167	0.3833045133704831	0.06288350686905053
-0.6279648386941292	0.5064622842845792	0.5369445366320648	0.09315273771754215	0.22840588433270775
0.41503363675817917	-0.7218821795455046	-0.033230954704707286	0.40519791551244416	-0.3759568487575343
-0.6353483608085091	-0.411174047132909	-0.26985699969321764	0.5515419325388411	-0.22415855939530843
-0.8301929015682643	0.04338049375409384	-0.20282289676159743	0.3355251722261765	-0.39393350999774834
0.39035783087946563	-0.5678949278331589	0.5030177097858419	0.5089274781478995	-0.11437709753388427
0.8623318602343154	0.34100096262665247	0.27933489086621005	-0.2331054464696571	-0.0879543966124807
0.21445620911468727	0.36070935540522947	-0.8558417329442588	-0.09703735737765476	-0.28638431297721356
-0.836828710188273	-0.03727636383313969	-0.30326607825867985	0.40743477593120025	-0.20088497117381252
-0.8259716823449732	0.4288074152799466	0.325046469728642	0.1680130661592329	-0.0033738230342267683
0.4905001299046218	-0.8064245986650038	0.24190310079837302	0.22400750230467442	-0.01981206619436517
-0.9168965363370519	0.350427476040411	-0.10861650397465558	0.15231533858504676	0.0387790972704413
-0.011594596776268668	-0.6474010144233722	-0.0536274400762034	0.4115120241890163	-0.6391552577174939
-0.9057099366146488	0.36269117718513577	0.0003729062886364679	0.18854032913169472	0.11223647331131477
-0.33719386765592263	-0.1061167164329904	-0.4562176484690549	-0.6743580767881334	-0.460593290881116
-0.6125174574694221	-0.312112973078869	0.038647994697092715	0.7235284862162822	0.04920079745829811
-0.13860647926482977	-0.5750830430749534	-0.2660225160321382	0.5665007187085057	-0.5083076766488354
-0.8935110999625099	0.41271999699493667	-0.04673992141985461	0.12031014852288045	0.1209998604641901
0.4414875835211796	-0.47756393266888186	0.5917482402620745	0.37217097661798293	0.29722750229481804
0.43839141134756576	-0.45995583688930924	0.6829074255740596	0.3602178169474926	-0.0115832213799704
-0.9083613357239271	0.3967176145511265	-0.08908254703511805	0.09409170731155951	0.026568185779964074
0.4503030797252866	-0.6637754637981037	-0.23233261745925937	-0.2063004061604931	0.5099911443663308
-0.36440888503083807	-0.4289420143536388	0.08560682891889554	0.8078585564462689	0.15248257753535563
-0.8461451750206214	0.46480079275579894	0.10969014008964306	-0.14430679243892688	-0.18746249935922166
0.580957669367503	0.5523280127456203	-0.20827544864905137	0.47030620284120106	0.30472178425357166
-0.6478587411192658	0.5378968534477335	0.38971005538843523	-0.3105422018020726	-0.20648399510725096
-0.889290922481946	0.43056600049998484	-0.035672188470938886	0.09212667336036875	0.1183838900775883
-0.9285187206046926	0.21123265062948268	-0.07810331960826075	0.27858308603428966	-0.09759655955231772
-0.4086747981817634	-0.4194206639934149	0.04418221864604118	0.7583542207383334	0.28287457183403164
-0.40184630684506417	-0.14577661059092492	0.6615392428689635	0.5818144131261445	0.20279680545472853
-0.927894442235854	0.2993191785194485	-0.06632354886029647	0.21213486119727348	0.004463291346684015
0.6450317863029689	0.18780063452882234	0.5152350900973346	0.3458273405790593	0.4044764131192072
-0.8606575241136966	0.5052556433558005	0.02875659925409949	0.009698926308752893	0.055356570264010474
-0.8779333670134919	0.12918437104860755	-0.1456976864524089	0.43714284606272474	-0.014923728077311167
-0.915108096768049	0.29064667369957636	-0.06337737495676142	0.2478781639815223	0.11243400936403007
-0.8893466290898385	0.4303608823948671	-0.03580159783759122	0.09245621775254907	0.11841527613454787
-0.4472642389574697	-0.4507003766720144	-0.13015803337547055	0.522911030154462	-0.5535763830837884
-0.45424867415956144	-0.3361526725105215	-0.4392689623963803	0.4409656755147814	-0.5415270764064479
-0.3812936132266582	0.0519432185228613	-0.42204197794469206	-0.70066229231188	-0.42763302438754586
0.6046347702992271	-0.45731231869810485	0.2834811203581458	-0.0265528197087878	-0.5866989346148217
-0.8921426413825296	0.43061079025556753	-0.012990140690485702	0.09204772365999193	0.10007161214017633
-0.8705355954748666	0.36002888872187916	0.20902276952881219	0.21389123897796336	0.1520098549564632
0.4859537195679302	-0.26120268241716277	0.7716677345177567	0.20528191520081307	0.24085344907617862
0.3768576237401974	-0.12343195310319778	0.7908186118886941	0.22794733494956693	0.40668024289587873
-0.6525444654828929	0.6415865006902911	0.26595442484605364	-0.29243056882273505	-0.07940459068875613
0.10325832796287943	-0.6196749721355571	0.49062282300829146	0.5800180107904122	0.16795534917714006
-0.8924541182848466	0.4209140257043575	-0.03648293249097583	0.10513822820416698	0.11820312317665696
0.36851546914050715	-0.7443521389894474	0.025213276019943973	0.5239422900808024	-0.18704280142045768
0.21141655497214387	-0.1686615216518297	-0.49207630709846034	-0.3187455195019015	0.7636219831746623
-0.8952820754532691	0.40310668957529805	-0.05254847450934353	0.13510070960769457	0.12231704003109943
-0.8734295452036104	0.48027311090675073	0.018780237626471397	-0.010187084972432555	0.07747318555360969
-0.8261770986104555	0.06301255620538047	0.18351494130075782	0.5004541110189987	0.17125644097562126
0.46283937259759683	0.10265389833549772	0.7652904999182167	-0.42738493328009647	-0.08315324329261868
-0.015154434438837874	-0.3376944167200638	0.39198440069420515	0.7049231604827393	0.48493751294405546
-0.9088941853486459	0.2587185934937948	-0.04864516737774084	0.2972548927664465	0.12747245050289982
-0.8392415865462425	0.5068916247999629	0.11381568078700756	-0.0036143772839216546	0.16052217044022052
0.25489958973149046	-0.7467630561523366	-0.15097104433807268	0.5259994281848772	-0.27911195323990323
0.10585779567556772	-0.5968292318359315	-0.03744873606077085	0.6970449658694672	-0.3812019187311702
-0.9065875749312897	0.4030060943634405	-0.07632032348035223	0.09359074996695292	0.03318187201782023
0.06847874531023787	0.028436364946890516	-0.04916792654477628	-0.8236360239604023	-0.5600966431102136
0.33260879260059256	0.3260121812773307	0.5390272208069342	-0.6549139630402878	-0.2522395785510077
-0.4910677816407998	-0.4334776505630377	-0.03799848860109391	0.6968544329137055	-0.28965423264520623
-0.8874994732083337	0.43298096828950916	0.01717409682209794	0.10861822370074521	0.11304555733176477
0.4657996630224035	0.4884494675243439	0.09258088959620463	0.7046849944919593	-0.1982312513778865
-0.8089793091294436	0.04844546862843752	-0.17393898624059725	0.5467548829311011	0.11836317428326408
-0.9018250049165283	0.3674997106102949	-0.06255611376939459	0.18564779115560212	0.11522696506360676
-0.39146127360794025	0.3149097405399911	0.5706554481647617	0.24905273963545785	0.5999291782687627
0.5485346990981145	-0.6556497864877767	0.10152535129699933	0.3105298134986552	-0.40310901668951177
0.4545590013838469	0.6444442457855821	-0.5397751265672714	0.16942605399592342	-0.2408430055065512
0.3214519049841516	0.29208709636278357	-0.07863464142259276	-0.8016210060961744	-0.40320485695749697
0.07691723694023236	-0.3616084447876378	-0.4608733204540333	-0.5728796330545237	-0.5680913481516281
0.33258664460411663	-0.7304142280074819	0.10300769989663476	0.5864815944440708	0.03619298959128143
-0.6901335473113518	-0.17732299476053143	-0.2331963099484347	0.6357615185631549	-0.1835729145198481
-0.2723545862280878	-0.17768076265491137	-0.46672475981273503	-0.6174132041901148	-0.5433428565945602
0.0709274854589615	-0.6007360418498787	0.264458234117975	0.7036551134987692	0.262710531732639
0.2962922199501836	-0.7336574882536444	-0.2260693798197367	0.42236522194755044	-0.38007613069418333
-0.6817297383843955	-0.18287307948071688	-0.18221097300024716	0.6816021444753767	-0.06340093507554743
-0.547113493749365	0.43459142902833	0.5939843530813842	0.023146114718159264	0.3980501983926412
0.4693274146441052	0.13431925761078858	0.8052206347305007	-0.14540127680050768	0.30359234675360036
0.7114364872939193	-0.5166739541522597	0.3273337786316522	0.32001139781615123	-0.1317249113950559
0.2764365868694477	0.3189388083171168	0.8615781532399478	-0.2150379420562324	0.18249005267435622
-0.9123583627143896	0.38334780794615286	-0.08216294884381695	0.11359948881743445	0.0314814565372018
-0.9220789311217296	0.311011127003503	-0.05640880165303628	0.2230583861539315	0.010272639577614037
0.2503482555821001	-0.4910886192752081	0.41834668392201135	0.5845653763825772	0.4235883517420208
-0.7251706277055106	-0.1821093216315464	-0.3556746565705796	0.4090724848255667	-0.3835609423809084
-0.19859598016092844	-0.3273807725941147	-0.5294726440524922	-0.5092319288190669	-0.5601098358990639
0.4657226932934993	0.44093133697913633	0.5306870659210968	-0.5539593238201478	0.013499431025885612
-0.0298538790487849	-0.23983354341414947	-0.4328606417679932	-0.6998944371701363	-0.5141673453124508
0.4698145760318269	-0.8761051818519792	0.08501752151319045	0.023301794151469227	-0.06279348616872632
0.08151216002301422	-0.6788839704943015	-0.16345600687408285	0.49072491557408365	-0.5147266395144738
-0.8755051970727422	0.019993594673977436	-0.12402337061100847	0.4608286947699222	-0.07311650764065457
0.13203952951404707	-0.3981464128225209	-0.3280872632431625	-0.5986401506771855	-0.5983591850193964
-0.8892723294198881	0.4306343211645044	-0.0356290731406273	0.09201687897662503	0.1183734290026843
-0.6758044512310769	-0.2214177480278967	-0.3283968357692634	0.4304465350048587	-0.4484794569582471
-0.8671084584998245	0.19413339333320587	0.3293779959628336	0.20310057949072932	-0.24636443975750713
-0.8908356847357037	0.4021793060355618	-0.05137484962225777	0.20059379913828476	0.04226512950155799
-0.8999222765344849	0.32544738021501346	0.003051980237005881	0.2365408799464357	0.16811602076831728
-0.30634088774263485	0.4110357313800865	0.7767717815036429	-0.28310932451999793	-0.23168857946687652
-0.8875162858305666	0.4158841886643726	0.0017835455087239118	0.13128924011949172	0.14871159470181572
-0.9017545783307651	0.3083742340612515	-0.08047942684680794	0.272928076644312	0.10381396370569067
-0.574241919487284	0.3599593871026409	0.6925550323119509	-0.11424660196935608	-0.21906779475335764
0.2570759921855096	-0.24004416626786815	0.2736868524399914	-0.8169120157677041	-0.3661160987698254
-0.7552530854016762	0.6380986294293884	0.10083743836617874	-0.11066034504685952	-0.0030025271758139264
-0.26973240272452703	0.4281546455211781	0.8327115485378717	-0.2247088723371751	0.005042822989442621
0.5896603596763301	0.6324002707262574	-0.45401758161100114	0.18750391421026957	-0.10526573780515111
-0.8991616648094352	0.4107741725464667	0.0016769190881096873	0.12639155403442462	0.08243326220055568
0.4039953107252051	-0.07351478068092374	0.78428119838921	0.143425959083116	0.4423972898286714
0.6573743252950652	0.6142890282630987	0.34151380603048537	-0.06368768573956834	0.2642350945165039
-0.9107492105421086	0.3841658528147983	-0.10058983593547195	0.10702316017858943	0.03715105812581408
-0.5816922917155125	-0.40671815765235475	0.03171565344859052	0.5474274475668366	-0.44218969342513725
-0.8934429232031803	0.4163582167946181	-0.03212958272633942	0.11205290100401377	0.1217268071386812
-0.4200546233329126	-0.4777135548165916	-0.27267344278188127	0.6249822284019676	-0.3610959439599499
0.41434004440564093	-0.6023504248698272	0.38696514147228206	0.5373660284090532	0.16429249544117216
-0.8435700190586154	0.51746920119049	0.07657724625852402	0.0036127308550585797	0.12140066843289535
0.3468481965778061	-0.7302762523782325	-0.13260748049269852	0.4201960742482262	-0.39018385287821095
-0.14959738128904362	-0.6585912768824433	-0.31928881130252734	0.617747462901693	-0.2456030956265695
-0.6476480006091688	-0.1934354677047033	-0.4605947758578458	0.49207906538705165	-0.29806951035131957
-0.8069905822662015	-0.10722792264014595	-0.16093408566616652	0.5578668555538217	0.012375955931658146
-0.7775791970779294	0.4780266483633006	0.2588740661673624	0.12372130962418991	0.29075482994619967
-0.1835049986489894	0.16929538696712812	0.7811728609092087	0.38348460135928286	0.4247040255539367
0.31874189757383725	-0.5193224952602247	-0.3181346622054677	-0.3357624027025744	-0.644019948668153
-0.5549037209580979	0.5664157914940842	0.5523112681628041	-0.07125147711836775	0.24724583248627924
0.11995841143980804	-0.08646966163736472	0.6771404836969124	0.4026309582866979	0.5979147547175971
-0.812791930431212	0.5645209338772026	0.11440402234341468	-0.07683603305634704	0.04115017297808766
0.24587060132483357	0.3538683597417956	0.566748340263126	-0.6416745222115251	-0.28526296242488086
-0.37984905451334916	-0.35985482190876344	0.12558919349197253	0.6432597366456335	-0.5446682188479083
0.20423857047803398	-0.7454256502975135	-0.030892115782363214	0.6174790385891539	-0.142802381958851
0.39324129810647346	0.012581942978495256	0.8260574214339669	0.020388592751201483	0.40300920331167756
-0.7775070518188311	-0.07336372797629802	-0.29921021262208686	0.5336352532378421	-0.1257267392158056
-0.8935110999625099	0.41271999699493667	-0.04673992141985461	0.12031014852288045	0.1209998604641901
-0.5065807790499526	-0.4273971260368135	0.1400278558987224	0.7231154354536278	-0.13492174596310266
-0.8335828392881998	0.47485508847733837	-0.029718487493617163	-0.136366196246339	-0.2453026029494985
0.22353407501723607	0.612342657333783	-0.5672411281417212	-0.38832234550104755	-0.3201753360967432
-0.4515063602315258	0.4573869672914546	0.5840062304455573	0.058704628167041	0.49237146368869256
-0.011695585480815144	-0.6673459620140851	0.03168488479375638	0.7410311211815988	0.06619309465273117
-0.89180216437073	0.42523509271097804	-0.03857986140931841	0.09733736434864275	0.113582777506383
0.3364257755712326	-0.7400425307796721	0.06023714841568353	0.5264629308984352	-0.2415843921057174
-0.7469333143311165	-0.12079547099725807	0.09252459397950938	0.6078508549439244	0.22238618613068414
0.35228156189402576	0.8467276440728049	-0.32824213241778527	-0.0857959176357848	-0.2093947490632985
-0.10450617319039453	-0.10833833488891166	-0.4335330633490257	-0.7390730615630596	-0.49311393978837464
0.5152158508661313	0.6146243357089879	-0.5222592110265093	0.15410251058712207	-0.24553469347383003
-0.251056911023588	0.43666589850823173	0.798564041091749	0.24364355225989193	0.22187071060572533
-0.7095231666159216	-0.14829302253014456	-0.31212723741262555	0.6020187200902852	-0.12139235490839734
0.388349563896876	-0.7486142631707842	-0.08800578051353426	0.4084565228259392	-0.33790465039048617
0.062293620614569375	-0.7118199289209644	-0.22718225159558092	0.598933775531237	-0.2812444678736658
0.25664333667904776	0.27979015232235327	-0.7016310998403079	0.6029333234672585	0.00607252758623451
0.41567993165671274	-0.7462115911268898	-0.07016329856028625	0.42487858504513104	-0.2914339636880597
0.5538307792948631	0.7320777395675989	-0.3278177138550423	-0.21258656902886347	-0.06838236824378827
-0.8889356013407972	0.4318596558205889	-0.03485480163617926	0.09004517096106718	0.11818521198903206
-0.8187603575922817	0.35926732104415426	0.25623578351700343	0.22803813955156804	0.2879241202476834
0.23772731754003906	-0.4654557709245121	-0.42472028998564193	-0.5511316978697832	0.4926491395364126
-0.8876514330460576	0.4463674248381937	0.09983818162069918	0.04025037934951277	0.03526045812935695
-0.8778886557398015	0.45692840785761574	-0.014102217617984835	0.06866756381952267	0.12495531742753324
0.5565272301712508	0.10080055303883555	-0.4673361316866568	0.6113197870655188	-0.2966508866450607
-0.6417391811782824	-0.21436353026240754	-0.412739139584617	0.5000180694812945	-0.3490665167002057
-0.47928748954403916	0.08832530339018349	0.5136148042461295	0.5454783473101182	0.44848115748895934
-0.0078111529714950684	-0.6627181384665911	-0.2556782182579447	0.49415441059781945	-0.5011823241414213
0.5418571461873785	-0.565812401903632	0.46493330070689265	0.35208026829672895	-0.21476421849928917
-0.8892164778291178	0.4308391271791306	-0.03549979050578233	0.09168765701662815	0.11834204862832833
-0.8068772625414343	0.45568849846051246	0.3415586713882738	-0.12810418731115744	-0.09068664045640787
0.12409365168366251	-0.21577605691468393	-0.16483506426680453	-0.7318765804354215	-0.6125581861933421
0.13680564371368312	-0.6740930458643122	-0.2939829885073482	0.29642480402834803	-0.5937921516747278
0.6651575639755526	0.29884372914743756	-0.48003965095404494	0.4873433962939193	0.017781682597214847
0.07751324945462716	-0.4383643447949333	-0.4013712021061816	-0.6194011814198531	-0.5070224175981006
0.48564903677288346	0.30981251005563504	0.5982827633383685	0.14925608166357326	0.5366018811681899
0.0008743332515481201	-0.19726117071744906	-0.14642533141347966	-0.8280688831135189	-0.5039333420286148
-0.6029165141339032	-0.3418403607799911	-0.19751737512194412	0.687162613553061	0.09182196788509875
-0.8934599388920963	0.4230317430004373	-0.03950310304107098	0.09746650132550076	0.10822785213814501
-0.8897335008850575	0.4289184790630589	-0.03671012810096109	0.09476980800465432	0.11863509475118944
0.44402337512700596	-0.7976553614761888	-0.13596220714493482	0.11102941159638681	-0.368477834663024
0.07716494363273631	-0.2979281735910237	0.6100157922635393	0.46930865480599043	0.5593876067345002
-0.9007450519168072	0.10380190495925472	-0.16716610964543124	0.2858251592458624	-0.26123358532605845
-0.8835046162144032	0.19981790811578215	0.10103336365895677	0.37417950018438234	0.1710975096066437
0.2899602186938087	0.3171554101023189	0.699294810854978	-0.5657234339553494	-0.07924191569451483
0.17422437426584111	-0.35239703725251104	0.3664684198564982	0.6120550551930207	0.5801307630249222
0.01992936489794957	-0.18947568470756093	-0.5000503331001678	-0.7835060018551611	0.3158635698251965
0.42196672096469995	0.8670619694278536	0.01974031227016761	-0.2503519806777038	-0.08415362982318643
-0.24962656567899016	-0.4132311598941611	0.46245066870590684	0.74358551203108	0.012105846140410187
0.3870878625051317	-0.6067620504503342	0.40075558627029856	0.5285762813235072	-0.20495091053683162
-0.5148194520690096	-0.43758976386722126	-0.2707213942514134	0.6626632265948286	-0.17624841883970452
-0.16082210969882968	0.06535702828760429	-0.1947748390662839	-0.8422188788595458	-0.4717995655410291
0.22343979943762668	-0.07846148395616655	-0.7937911574902469	-0.15483849885418924	-0.5383670579869693
0.19223406019487446	-0.3808454565047619	-0.4226625965113668	-0.5234062564866309	-0.6044874064375483
0.42637220033485634	0.6516129762887359	-0.20330922998456283	0.4514721779568843	0.3852862642863098
0.27784920254291084	-0.6738642827391679	0.27794323518275293	0.6238493891378434	0.04760511299408702
-0.23551677624583603	-0.04726437219627558	-0.3747044121431699	-0.7155109860458359	-0.5384594317084788
0.2243136824790172	-0.7544833083377817	0.06381422723688093	0.5786258304724372	-0.20385828902603073
0.14286011335858248	0.571518217488822	-0.6543208407327282	0.4564652805626297	-0.12830276736402854
-0.8649031031512695	0.4941718570278179	0.03736696193850507	-0.027044919620483242	0.07489379386297826
0.3439708434192399	-0.7466404475127497	0.0037878071320455995	0.4601358685471589	-0.33536955140396973
0.3717742428710817	0.14193763542823654	0.8516836311397786	-0.05670737982313493	0.3362393277248087
-0.4019332513133796	0.04410203270671727	-0.4212350907063918	-0.7002568909890546	-0.41073830741691514
-0.08035053307643342	-0.6404314511939687	0.24506220019138153	0.6984810926350549	-0.18830833604654673
-0.8827038392649905	0.37823199572713967	0.08107085065020124	0.1680307174825834	0.207286479810555
-0.9053385044321072	0.3636527102302611	-0.051420925932579846	0.17068801909914003	0.12782952416038035
-0.2668503642094198	0.4660615058240354	0.7156417159341086	-0.02372223470329826	0.44595038502719003
0.23841642642985603	-0.2693126669045523	0.8174439108639041	0.40476058498422146	0.19642458218851105
-0.835036882411399	0.27416336457783763	0.27542652149447244	0.25712623677021196	0.2925306550737119
-0.9062462135372038	0.2404516340919314	-0.2124683902548447	0.25014800888647326	-0.1148214653479417
0.34357194596484547	-0.7632048073637945	0.09482540805866595	0.5356881772818293	-0.05935535923319376
-0.694591120899834	0.6633756677825984	0.2456202185749235	-0.12144812015424285	0.04895876325348964
0.27896194016699244	0.0541352824205815	0.9441043469274971	0.08328284928276646	0.14484666466114943
-0.8557540425427299	0.47048005584608865	0.15372431002311607	0.04657912750846192	0.14329255776663508
-0.3762364026729273	-0.5474342317830928	0.013271720078719153	0.7264014531812087	-0.17585994836280966
0.1800103301213753	-0.6394776440441605	-0.4132133590190244	-0.24803993966456242	-0.5713103640550717
0.08779208430849991	-0.3062568777064351	-0.3308485799031796	-0.737590574780462	-0.49497336894155436
-0.7996408818907671	0.580484027567671	0.06330252706486357	-0.09174649483621777	0.10577393109949954
-0.4152535401752326	-0.38634688645959775	0.18451147908046137	0.7279803273413006	0.3380839212185408
-0.7886051852931579	-0.19650016169058027	-0.17528590366860547	0.439950050364205	-0.33942356038426946
-0.5913902374171954	-0.3435405855772248	0.11262159075142032	0.6879083129962605	-0.21525794609293578
-0.8948121917888665	0.40584422407206394	-0.05090491623962005	0.13091569457226668	0.1219482580057937
-0.022405771778803193	-0.6274741609832627	-0.04372579627951553	0.5920495600956097	-0.503328453218834
-0.8939908375834021	0.4153373230365816	0.028169204208431588	0.13163351161670603	0.10076906749321154
0.08291673509174079	0.29809673559478245	0.913423785112617	-0.10356960071810069	0.24329709794219362
-0.8828563147189615	0.459985803763021	0.05496482296941106	0.06680478600958842	-0.03864940749216817
-0.7285354161211862	-0.15314771483702827	0.09466300737870403	0.6429000561697538	0.15329826387886236
-0.9067067147580462	0.39868371324292223	-0.08423879357969062	0.09858051753906431	0.046042778211951664
0.18630493299699324	-0.7416323299819216	0.051723810344502935	0.5926309994783022	-0.2477601763144482
-0.4485225014513685	-0.13324372833828677	0.65251724456234	0.5713478303428161	0.169872236877154
0.4461758721087475	0.4171821879135074	-0.09469263202488143	0.7338355994430135	0.2817884519741917
-0.26464953052204876	0.4636774968900825	0.6407494232508607	0.12682502125763634	0.5369538112900364
0.3948322749641094	-0.6225906790638566	0.38522704042765604	0.5340451748607046	0.15127524424313538
-0.88338395346281	0.43979536707205663	-0.011136842969240055	0.08944131082332228	0.13449553343236034
-0.9285032806877805	0.2544383929207715	-0.13542029611336073	0.20854630282004982	-0.10636044819660083
0.07813082305469977	-0.6162947611278122	-0.3358380931302803	0.3055480979450779	-0.6386935704545414
-0.8937144058396185	0.4173632859427773	-0.04458408733858863	0.10426247622250694	0.11926459470405124
0.11851175717686067	0.05615581393539493	0.047337163828406345	-0.8936008629555919	-0.4266593238378957
-0.7594664006095962	0.5959964957332209	0.15046167104562627	-0.20284840355705208	0.0649058867849311
0.4502895434740492	0.1617313521409289	0.8028382497938537	-0.3063405567002738	-0.18079962599825017
-0.886891502797178	0.43074298217236967	-0.019309138047967567	0.09934451232399476	0.13282232731874952
0.5395568771264488	0.33676850272665504	-0.6912095719043645	0.1926097917741863	-0.283894606742169
-0.20343045007772628	0.4373487188519606	-0.690111091105613	0.5386472378294461	0.03078936848087351
-0.8984570670688788	0.3808535584152903	-0.025959771441073403	0.16309709161161678	0.1430066245002602
-0.697173373999986	-0.3026329037777597	-0.22098254956868624	0.5626627199405339	-0.2386210143968046
-0.5331828434447337	-0.31140121038550844	-0.4789129939215063	0.4831669456065546	-0.39488908386153304
0.5194448238243505	-0.6203432594268554	0.4108034169707025	0.4153087390478974	0.06411333216574491
-0.8931723286433766	0.41702565527773144	-0.031045110392963655	0.11363745383673524	0.12023112904792818
-0.24497011844871067	-0.5885251061268992	-0.16924514261891657	0.6368792442789765	-0.39921015822757944
-0.3692744236526586	0.028950069393053085	-0.4368163192255091	-0.6941410895734751	-0.436071031532893
-0.9243528379400944	0.2566979898448536	-0.10607347218325947	0.2535693223916738	0.06425721938054789
0.15927519689126127	-0.29836575707502855	-0.128797597776918	-0.14513744033714376	0.9208450406445009
0.40415468848230396	0.17129092137856175	-0.8074404891574186	0.29698795678349393	-0.2591455537450898
0.5378669285661773	-0.5678334437496975	0.4140355100367421	0.45878303589145336	0.0797312342873368
0.5570834677774777	0.1895404984565266	0.5968570044163491	-0.5056986812551035	-0.20435990171719812
-0.9006532554470792	0.29524272237399407	-0.11405198661387446	0.26715532245194046	0.1314367770937769
0.12496244290161249	-0.46093810202407953	-0.4546580751099134	-0.44755050686072645	-0.6040736979148784
-0.8848059238454941	0.4457282871143586	-0.019827213387120936	0.07745600887179876	0.10978260104850503
0.6184562489586378	0.5477606512725909	-0.2374763025174963	-0.5100518893048823	0.030367960099046347
0.09626527722441877	-0.7055038518914518	-0.34088833851874484	0.5563486473588791	-0.2593619760317717
-0.24645303306603553	-0.4728066515607453	0.26085021248997037	0.7616926656452414	0.25980035119039246
-0.9179378524548202	0.2874763526313108	-0.08265831768664628	0.2403839241828925	0.10065096730820706
-0.7526888885827389	0.10521495980172628	0.2867858963291101	0.5053981931311156	0.2910597280362139
0.481552838380886	-0.23575935039928825	-0.28541504219419556	0.2623526321215778	0.7498224740928906
0.34218207874891393	-0.6526483423030088	0.536202951662765	0.34060580378056776	-0.23116151784269479
-0.8765848470532451	0.43415799790886694	0.09546560218882723	0.12557628308351412	0.13499168379591656
0.2824812614202395	-0.2430878620149216	0.7373441196361186	0.3672504403240664	0.42727437508849203
-0.8889167809526778	0.43192748405047177	-0.03481188670942826	0.08993588644868496	0.11817476014351631
-0.5084151825811677	0.30865301864361655	0.605548794145635	0.25448885942114047	0.46345808283213236
-0.8985399135985204	0.3759017764999001	-0.06845056446928104	0.17559052333285582	0.12572337266440725
-0.7969123134384181	0.4692657093386093	0.00017513562177273276	-0.23367327011228237	-0.3001953212355361
-0.7833631700530498	0.5607355524453013	0.21684349871224964	-0.15687985855526176	0.016893521663974908
0.5493459493271806	-0.5853898785707448	0.20751164939044192	0.42628210036492087	-0.36160780453479874
-0.8905556849432295	0.4317126245113188	-0.01615680140569944	0.0922435367441326	0.10846598337780795
-0.7586578454488587	0.382507838947409	0.3590526620453708	0.20903654970221322	0.3248244655955053
-0.8957887256812285	0.4106334415192679	-0.02238259325995989	0.12345994620459991	0.11488862802975455
0.3476562860668185	0.801953035150905	-0.4277385470863826	0.21502439629086278	0.08252684718719372
-0.8895656235340622	0.43259477347734143	-0.025103100639286315	0.08987242178822813	0.11325875474662205
-0.92520937064912	0.1986153581078993	-0.14324966341511972	0.2897277518497955	0.008770617210236495
-0.8903027992835467	0.28798049081985067	-0.002275116383983979	0.28278917089374045	0.2108394440461957
0.12291766429518558	0.3280006677062996	0.5985612030097703	-0.5145750327723126	-0.504225972840856
0.7520319739710855	-0.3586031084442682	0.519056724323701	-0.05901376140301977	-0.1815191825639316
0.4368587044675047	0.1919418828348906	0.8333338504483501	-0.2627876578831077	0.09386227413614122
0.18924240716663263	-0.4716063406515686	-0.39585679281089975	-0.4370240413259524	-0.6277596336780629
-0.9042600581949298	0.40689978054780246	-0.08150021505098375	0.09173312287491386	0.04109823424080038
-0.6125565630176683	-0.2811845166782966	-0.016007725033128507	0.730105968342696	0.11134968528923495
0.159109213922974	-0.45803251777168175	-0.3412191905936042	-0.5951636447720926	-0.5424390939274115
-0.18914597300718555	-0.5331775842854375	-0.300992001986592	0.48770387135061655	-0.5928694739320242
-0.06412841969470366	0.21265602687826607	0.8129347436392712	0.18780101783372144	0.50451247784825
0.15079548165282397	-0.08106691324075152	-0.06916019414032085	-0.819195529067123	-0.5429773761342351
-0.25813198741946813	0.6610347112193258	0.5967819689499173	-0.2548431943394953	0.27442160168099045
-0.22512969294192842	-0.5414727223633024	0.29091622168285747	0.7423037496946931	-0.1430971957912379
-0.8787799981076738	0.44775738595599096	-0.004034379939298056	0.08435561175953177	0.14186928064565346
0.46024228470488443	-0.30161319086272004	0.6992625826326845	0.24164581340288924	0.38709903624519765
0.7314629236211894	-0.5143719431912686	0.15095107616775622	0.33130143242880555	-0.26045465804933915
-0.01893944855474397	-0.7042957625170724	-0.15598742306399044	0.686135576804131	-0.09216653556717863
-0.6333479064540974	-0.1534004004015112	0.407500402014571	0.4415213529696586	-0.46296983030935496
-0.18953065674114897	-0.20607102501053856	-0.5007379873363428	-0.5774991788301365	-0.5808347693580691
0.22213338016106754	0.29095945386857847	0.8034544616862377	-0.1182287870520023	0.45440316848742096
-0.25862648063610033	-0.6156554773388676	-0.1801525302839637	0.619707722937419	-0.37092867333281293
-0.8903860911155504	0.05485247657626195	-0.12719118298235682	0.43359332403133405	0.004800717491001612
-0.887729387615524	0.11062787349337558	0.02325507940667218	0.327413352242243	-0.303245290194896
-0.9025509938856183	0.397653397947807	-0.033896042341832	0.1288657746529456	0.09756100129305129
-0.03993875800422476	-0.6755277459908285	-0.15999640903178086	0.718623877952809	-0.006930450103130908
-0.8905439639606519	0.4257885353752432	-0.03867272763541057	0.09976756928926786	0.119106774163364
-0.8948121917888665	0.40584422407206394	-0.05090491623962005	0.13091569457226668	0.1219482580057937
-0.9186033396545732	0.23407372575343596	-0.1496226392347262	0.2810172825672906	0.004443873794413978
-0.8750615394378588	0.009698022271240567	-0.04464458035815581	0.47913315814479496	0.051103118999827224
0.29400181637796485	-0.37435347869653746	0.1543983592498962	-0.7869595148416797	-0.36094081733068994
-0.6412536549429865	-0.1579209380336347	-0.1393338314015095	0.24448964045643615	-0.6961793062776979
-0.8905439639606519	0.4257885353752432	-0.03867272763541057	0.09976756928926786	0.119106774163364
-0.8345193757581905	0.39347520813288583	0.16386089148278765	0.18398897367960348	0.2967361418427734
-0.5760901675477941	-0.41570219055077523	-0.20040815878632975	0.5000979412951152	-0.4528249403801677
-0.8922307241915948	0.42333676058268227	-0.0326695920808476	0.1001141978131199	0.11670547158299649
-0.8739400259178219	0.3884080943336535	0.15179986995319075	0.21410640915243548	0.12838702581219322
-0.8878975992364423	0.4258112411535851	-0.014977382490241865	0.10693837022327723	0.136610772507646
0.24756550831342977	-0.5517733056206091	-0.5789432907980496	-0.5316573548709057	0.1281509319108364
-0.08050578902804509	0.10231762783033244	0.9310214958941292	0.2203494530314656	0.2601826544947557
-0.9186109820097452	0.35596563392212915	-0.08882091861765584	0.1437905654570649	0.029621763940748485
-0.8967438116448382	0.31587395963142323	0.03775808778070573	0.30683966952572955	-0.022314164020608245
0.5454776656147243	0.6411307945385478	-0.4413414818355015	0.3106015586983373	-0.012238821646232492
0.09118617869368524	-0.4487028182626706	-0.5130863156175477	-0.22445292250717608	0.6904449145314764
-0.9054130818424329	0.4039831098367161	-0.06817575725576916	0.1027436856281417	0.042668482295388985
-0.9282381796322288	0.25359895602136817	-0.10445129248202849	0.25116016916358147	-0.008363510176545347
-0.7994776924153363	0.47530823513953446	0.2222850675467954	0.08898407862212948	0.27854745275496134
0.3226071855282842	-0.6206244013546419	-0.2364763861684914	-0.4444758108267938	-0.507218028724597
0.006335879104093267	0.6592385232221073	0.4986674816610235	-0.5623322827398194	-0.02185343584863242
-0.9043122335528941	0.3892347152133627	-0.04810965137513423	0.13768340705114962	0.09718261977688508
0.334855567998918	-0.3371900144044156	-0.0419368650827812	-0.634387787912561	-0.6082500116403684
-0.9042726211557731	0.3848083749131231	-0.04978606300511774	0.1394285893986575	0.11088082617630676
0.2504675106961855	-0.7411440669698329	-0.24077611533347829	0.49851008895272697	-0.28545761783202755
-0.1939843993485135	-0.622315913138974	-0.306570303577068	0.6601376788958595	-0.21289868700875678
-0.841198053333664	0.4997300768851346	0.09481407281450686	0.05692012899029095	0.17443071930163506
0.30019422433099213	0.5020794238135899	0.7770912370983725	-0.199260330271126	0.11926529196078033
-0.8779895377947682	0.028739188753891396	-0.2340841538351646	0.37969791146718107	-0.1712966301578441
-0.29424119382015923	-0.27587231475319746	0.45829309131122786	0.6601106649450751	0.43765047503021137
-0.9249442695197383	0.20573000747260367	-0.10832148694558409	0.29935884645959904	0.028354872953262285
0.19802771354239915	-0.662924982767187	-0.34924365053114187	0.39814088870204783	-0.4907424958157989
0.42913186440605783	-0.6947642405152848	0.10970900097017658	-0.0351262687492804	-0.5655780878026299
-0.8605973143933786	0.35671819876335503	0.1551146721364687	0.23737896513946383	0.22740944247599973
-0.6034787995923562	0.4074208941251292	0.6653209453119379	-0.03997588303409519	0.15991098141692042
0.2050122278503393	0.4019542958615862	-0.6720180080026691	0.5869683669208502	0.016206900525759054
0.14379430473032834	-0.7161993005218348	-0.15877642364731742	0.5977308334560139	-0.2896371141426849
-0.5079328627037158	0.5347547232888777	0.6171875771656528	-0.2731205292087641	0.022940445134299502
9.84415553949239e-05	-0.12181998582395998	-0.3329294722912612	-0.3818457699961027	0.8535289425549998
-0.913622588780636	0.35362080586302586	-0.11004684269971912	0.1635769051101928	0.03712653305854877
0.35442853439717803	0.8671167323552915	-0.26061168378128063	0.1742001600573851	0.1556433133392418
-0.14264049735527387	-0.21085898168109665	0.5909525366188377	0.5517500360170459	0.5306026531950259
-0.26004006513981404	-0.1383006356231776	-0.49501032220508945	-0.6422917034802745	-0.5056463658122413
-0.8912341410305852	0.4265091681692637	-0.028836088418658496	0.09966610968438233	0.1141349285456893
0.5062634673168044	-0.19677049310589376	0.7206176206057664	0.1639171291468684	0.3985223887662561
-0.5600758297815737	0.47752992649934245	0.5572768691279764	0.06594695286291881	0.37864722993180655
0.24196751289274454	0.4574688769890322	0.4559945345474286	-0.6864457013440294	-0.23029379683367668
-0.9196406269078649	0.33347583205925607	0.004996992966039339	0.2032386484224462	0.041521905322502835
-0.9205600263957472	0.31759727820625133	-0.14800586196871457	0.1585244444720771	-0.06830426052567365
0.47115521362086116	-0.5232245550866559	0.19901933745524178	0.2867396107187564	-0.6184015916829325
0.21216409863060587	0.2873461653195	0.825768530324152	-0.028503245239412504	0.435559956682835
0.420563647899135	-0.6699214840638298	0.2777873978377992	0.5364142928558336	0.0970839393410093
-0.841878022220178	0.5259753982654889	0.02515579173797436	0.02514828758427838	0.11543840736824046
-0.89071440591092	0.4311617197931555	-0.016486600143847428	0.09313649693154828	0.10854125226282399
-0.9056871076183242	0.259921789756999	0.1620808285823932	0.2796346947876941	-0.08778250839723443
0.5560525432509971	0.006214711335894831	0.38544495602691736	-0.6454218292516077	-0.3544429357541576
-0.9336320810090047	0.27021944951917015	-0.0490414973827413	0.223211355529817	-0.05553565259679535
-0.6890716161951523	-0.2507989302149803	-0.016190045917570686	0.4525880708388709	-0.5071312698944507
-0.6046177775664193	0.48235902550870563	0.5154631983883552	0.13929132257854163	0.3415592659005219
-0.889676431604097	0.4435977354890199	0.10350610004392416	0.03081377081684439	-0.005821932579325597
0.43796102872089954	-0.6845598935271117	0.32963525159649687	0.47926223031967663	0.034874130667362065
0.18022688879522827	-0.011205621795374742	0.9196080976718108	0.15234359047207569	0.3138551891141536
0.5099078455344112	-0.13865716548187296	0.19871621665045228	-0.6347488043473414	-0.527611599704497
-0.1658579991858287	0.5111431068617687	0.550195007183076	-0.058527716813491545	-0.6364619461124025
0.01781842678049516	0.5447666361342294	0.7938513657104616	-0.11644851817563374	0.24321095287095612
0.3704959750465119	0.16585656246689962	0.8917405313090991	-0.11141171120432936	0.16616434210770503
-0.9001668499634722	0.4098403714179332	0.029274479612888652	0.12208995103305471	0.07724998953392317
-0.9030451862903747	0.38849732959780386	0.02721238264883379	0.15073056611499627	0.10059323576853318
-0.11207736084625411	-0.21713461694145147	-0.3706683294310235	-0.7027167296723158	-0.5559545041699792
-0.7645211697627825	-0.13428519013271392	-0.26549803568578834	0.5258428158619395	-0.22466640770026533
-0.8972888296868455	0.43322649112503575	0.019204287928662876	0.07093766214035208	-0.042268273230814474
-0.8966441225649447	0.41621421119234436	-0.02906997895875101	0.10631859136405786	0.10318110934165788
-0.8834708535861026	0.4381652778185407	0.03519655648379734	0.10004617887329256	0.12744569307191328
0.23101384271954362	-0.7139801187017196	-0.14151632811061987	0.43686136591853675	-0.47538433968369853
-0.9304051920241396	0.3083999010353299	0.057857679039761904	0.18647601747192968	0.03338957292124056
-0.9045697111511253	0.40054274541953594	-0.07018986611185203	0.1072291162639596	0.06996031789665745
-0.8891978365386279	0.43090734388926566	-0.03545671740817824	0.09157797008183875	0.11833158945796396
-0.8617857997388622	0.026652812029669546	-0.08302358076012388	0.4901949120729828	0.09711280139553508
-0.47576107531411377	0.6139078417037575	0.5630169284274138	-0.17619415567782268	0.2207625849634221
-0.89850868671376	0.41149995200619105	0.009702720601133231	0.12101954452897803	0.09279038987821756
-0.798984903580292	0.5495740627467708	0.18506605718514127	-0.012793025835928723	0.15867692451868068
0.29456612191595183	0.922798053923247	-0.244714725076928	0.025747530446804067	0.03356068386191593
-0.3163046457612357	-0.5380135482204266	-0.35950860029271786	0.5547100226607078	-0.41658510544239796
-0.15622252232034353	0.7263312570537941	-0.6130027040939424	0.2538213056706956	-0.08854297322578869
-0.1660851338539995	-0.04449287567552124	-0.34637483658027507	-0.35059980833766957	0.8529597641767158
0.5301822172255038	0.1365972634984627	0.5309586929737419	-0.6459851255526363	-0.0321572396660623
0.10514682469874047	-0.33413301001757884	-0.46131275019631185	-0.4383261765462663	0.6872845017407357
-0.5287980579621486	0.6315160670187292	0.4900832127525637	-0.27206879942432505	0.08577344548627776
-0.893047743532534	0.42194740809524445	-0.0264076413422182	0.10450659208058273	0.11316855244986518
-0.8898663942007927	0.4069062788192265	0.017698989865475512	0.13963229971690483	0.15084643636188336
-0.7908812209107715	0.16837583487234228	0.22522390317883118	0.4192693544866647	0.3458957566478044
-0.8961737480865658	0.413631576299795	-0.030857499764701073	0.11422535472028036	0.10854453176240961
0.48722607829846243	-0.8342810423559935	0.018359663856267545	-0.05328108780199738	-0.25181330270066804
-0.9276254180866225	0.3017827499351133	-0.06852530173175832	0.20907036360289713	0.005667596205069453
-0.891840911716088	0.16183636446157232	-0.15201798754737797	0.39405577457634344	-0.0062735406559120835
-0.3567356147874073	0.007823570810604709	-0.4418289951778921	-0.6795021957382067	-0.46448078312140334
0.399187893877631	-0.27402680945962904	0.5912184345856272	0.5200819867509564	0.3814889549413141
0.3000912939905541	-0.7603249110455745	-0.3127480027586254	0.032460215881912315	-0.48268650910296285
0.2366419421297731	-0.4294318506152517	0.7169651137087019	0.45118188519993924	0.20490194995242528
0.2668665955332986	-0.7519615909851756	0.19649483983362215	0.5595263426048082	-0.10796312204431903
-0.1010402945295633	-0.14175586661577153	-0.3603339685242065	-0.3151883023191278	0.8605300101508214
0.4014743245680235	-0.164606178194051	0.2789005625828603	0.5730960389332295	-0.6367877033698155
-0.3306709356837151	-0.029103739717086716	-0.44758341742527635	-0.6776925899849114	-0.47980365000069547
0.9292440247063364	0.15893661550937524	0.13742053575779212	-0.23579317904428213	0.19173384642839542
-0.8969405161795962	0.3795898826762527	0.0796904236149028	0.18418830942342837	0.10551461728653853
-0.11979299580149716	0.3125086196304189	0.902486258006647	-0.19147024770652296	-0.19195233566163006
0.3651324794951519	0.2930268362484295	0.7146561148507689	-0.5173406398269539	0.04938466913730643
0.4198751582779991	0.7062742638928675	-0.04874584365556225	0.3877186521383217	0.41494530378588934
0.2709412092852327	-0.749137411158501	-0.20449826731239437	0.5022747196149528	-0.26699169465686357
0.4710618276093558	-0.4465099683065351	0.5724478437200601	0.4017627216754159	0.2993656367461812
0.5166198347646456	-0.6336911000786745	0.2599374145536255	0.36462236024566574	-0.36197045588402127
-0.4348558869578363	-0.45741902260961564	-0.2540585308194909	0.6201433474775655	-0.39056969522754675
-0.8949617358115228	0.21959844887431174	0.003421898971186595	0.3394090231455028	0.1887056392905857
-0.15914874654995667	-0.09064615184515946	-0.23913255931997288	-0.8511411141302838	-0.4299178695255419
0.5133413163825338	0.06627301379956688	0.42183958387786413	-0.7439005286346252	-0.02742169774914532
0.05745103798096543	-0.31321205714918193	-0.41975997565869194	-0.29741915513835626	0.7962041160927819
0.08667708578458937	0.47327610798280306	0.42333101279594193	-0.7144717858263556	-0.28074495414130113
-0.9124196156148277	0.34906788481982765	-0.05600700853770177	0.18579112789910485	0.089369617976907
-0.839479907998373	0.5035269528428333	0.18837356662934	-0.07594884387828242	0.021937737730866293
0.1520734737794849	-0.7309317986804538	-0.175227963732949	0.5133923949473149	-0.3851438351923362
0.37273124065986174	0.4047316053667022	0.14484923605408953	-0.7666434052506548	-0.2975572849951404
-0.8975740204054145	0.43625200030127664	0.05616438511756302	0.029239508452099494	0.005973534652238205
-0.0203437081449856	-0.5249971563497833	-0.5103819542552958	-0.3457119488339397	-0.5864790094858789
0.14799537256413992	-0.2643924569722315	-0.1920970110542576	-0.2701925886135596	0.8934700340795501
0.5717895380586836	-0.5619425746174962	0.3914991198150491	0.4172836922522914	-0.1728583997474054
-0.6049857978665979	0.5874376111173955	0.4464678772925466	-0.2784852287216189	0.10964328230292418
-0.9203853929063842	0.26995749305598776	-0.09580428474291516	0.2537352080664729	0.08033469785745992
-0.7868515144082605	0.09092101957464395	0.20266271824458218	0.49140108072132715	0.30008475964727527
-0.9231990624986932	0.23136471423935034	-0.15984138529392702	0.261949870373449	-0.00261858074712605
-0.08881397250216129	-0.14674089240338353	-0.39103440116373833	-0.32555764424205874	0.8436133629614466
-0.8889732065434496	0.4317239218539261	-0.034940663095317445	0.0902638203980294	0.11820611717053528
-0.9207936342403674	0.315365662809908	-0.0035307730147931793	0.2216460324169564	0.059532779362491337
-0.8204610930509094	0.017217783124894102	-0.2593656859326825	0.5086989429691793	0.022404667296792562
-0.1614235682479361	-0.12037214900091224	-0.47669519558811263	-0.6591951996321627	-0.5455972476508015
0.43602103710520396	0.17919551311677648	0.7979950252349315	-0.09370137612951261	0.3635912747746488
0.09242000781998103	0.7727886667872057	-0.5892902221642858	0.21677727304472813	0.0009309095905254466
0.450860798676272	-0.4281583511532756	-0.21318028723867252	0.7367313988006431	-0.15870090645231755
0.11888721383425116	-0.6800184513160655	-0.2523773037704176	0.6268676809550052	-0.2584247344433131
-0.7729332036448694	-0.09544394251842792	-0.04660041882779544	0.6219500783529354	0.06686716340379348
-0.6764075508425147	-0.23712393893313125	-0.06368835115658035	0.3759955095501896	-0.5837946843481165
-0.8962698431044788	0.4108916978253693	-0.03242159717429683	0.11598927290734042	0.11560151213004377
-0.8896823727012533	0.43218635019549956	-0.025355006936888677	0.09053342469485662	0.11331838794128832
0.4158849708029008	0.15946686835803495	0.871359165684586	-0.1800064902233963	0.09970394581593946
0.5745194050725394	0.7713299735034894	0.21371937320939766	-0.15600297703940605	0.07046010105035587
-0.8920849263387561	0.4193657650211464	-0.04266275721636485	0.10992802568634828	0.12005231210936355
0.20612630025137774	0.35016975514361354	-0.8615306248156844	-0.26678608044481145	-0.14657169137637577
0.4039718625088174	0.4754769186165848	-0.5480829907883111	-0.36427145232929314	-0.42147334244348417
-0.4220716684813389	-0.45655647843775343	-0.38373709596937366	0.597870684277821	-0.32970922753246956
-0.8943263729514787	0.4134029285238789	-0.036731233385784996	0.12036749680575261	0.11593463476463635
-0.9259135729483499	0.31432000574720087	-0.11741642740143061	0.1734152147918481	-0.00524740622424244
0.49458423463815887	0.6189287916180846	-0.1466800060564963	0.5055427577235426	0.3085856148463598
0.22932150648181535	-0.12269513154031814	-0.18094059160644024	-0.4070468962359441	0.8566976584157393
0.5385376151554792	-0.44005735748072783	0.5693586891351547	0.340331714445144	0.27628204147004376
0.14011570162201656	-0.7296360542564992	-0.06177272608110334	0.6375757884730349	-0.19411353057804556
-0.9075800569081103	0.3641281598124895	0.012740726535866392	0.18101794333699775	0.1038234155266678
-0.2809744354334565	-0.3627760337015507	0.49134178559833525	0.7143633429976577	0.19420396471460655
-0.8911826942808723	0.309556376952386	-0.0002876482023154784	0.26493703526416984	0.19944056635083401
-0.9193454563158251	0.07273083738491373	-0.13368629861457618	0.34907547884885715	-0.09893654973725215
0.013303703923659678	-0.03340145532337737	-0.3217573398400405	-0.7834536787459939	0.5304525443078029
0.13456161558378124	0.8169239734981784	-0.35352843380300075	0.39658312032115833	0.1796325925453432
0.5139371207867929	-0.6686503393173916	0.2748943936551797	0.3934209892798055	-0.24171958368979682
-0.8986495300555198	0.3814479893083893	0.1728368078381007	0.08473416758035521	0.09936806471085165
0.45919064513490454	0.1709035452067947	-0.5461799136505568	0.6754786024061703	0.07315797476978433
0.015727852669307547	0.6423420473787078	0.6445761394928514	-0.17563632954842856	0.37526365259506594
-0.8349175955258092	0.502701656466486	0.1911794183273005	-0.11517820010742798	-0.019699378043492945
-0.9011268489769576	0.3933422044829799	0.15751621649744083	0.08677662159046737	0.030178994532708895
-0.24741378437367045	-0.3422273558536863	0.6295427781321677	0.650145128623423	0.05151755464070813
-0.3195809908324951	0.5102844342281508	0.7365969133476732	-0.21758312650426917	0.2180833711915796
0.10351841082492505	-0.596157858686184	0.23503841158174624	0.7102645341318733	0.27232514166442406
-0.8894392307629003	0.4300184979458682	-0.03601749145152177	0.0930059960882214	0.1184675955924512
-0.9099862710686254	0.16531018181957166	-0.10507064557193888	0.36120805495187963	0.05555565435105891
-0.5499819342066384	0.6154359917661981	0.5359078218544988	-0.17642014960295557	-0.02090811742645117
0.13382569821399118	0.4726180697310026	0.49044820795865374	-0.677014781388388	-0.2446106779211758
-0.034495099842971395	-0.4802854848767185	-0.5342978363873641	-0.3990130041582016	-0.5687269869172618
0.5848221267203093	0.6684510357181841	0.09127663640535406	-0.3485321731222393	-0.2852195520837161
0.37189363125394626	-0.21652351334054296	0.6340005024778336	0.32320017789245453	0.5553356670263145
-0.889029525229437	0.43152012699488906	-0.03506953431961289	0.09059199563842746	0.1182374786499154
0.12149607694806037	0.8786753822733094	0.3762043019623877	-0.16709444516362496	0.20908860670428076
0.02853613748988966	-0.34390678696926413	-0.4488877181361296	-0.2813151236019951	0.7747744371576596
0.2887947471906819	-0.7460398642460533	-0.12892653394103026	0.45848899186730935	-0.364949185686516
0.48318397277409075	-0.6941764760884102	0.17881623694153542	0.4236839459691672	-0.27049757084637227
-0.8959756756400558	0.3749125910424247	-0.008383368725457271	0.17395528982766315	0.1622880587381213
-0.9185753554863472	0.36705381437191786	-0.010112733806117512	0.14623556774784313	-0.0019248346913545201
-0.6371737083722473	0.6718695278998962	0.32030433723912816	-0.199951898083304	0.005037145760820229
0.3998595301644774	-0.6991966614180183	0.026072512434842775	0.36288064234248024	-0.46783998151823714
-0.26064714572243225	-0.5865260773926191	-0.16352928294172944	0.612481433458131	-0.4314798874279233
-0.9183881998833769	0.1708223649338299	-0.17784098832096873	0.2771780491228435	-0.13757814474275876
0.21482487711765785	-0.6016321652819309	0.4860321226710583	0.595240805752272	-0.03674464272258164
0.4528701132658147	-0.4997550834148088	0.5177021026051865	0.4758133257271945	0.2252548093388055
-0.9149822005523625	0.161273703755455	-0.20180971714354176	0.2605413930191882	-0.16789694976210445
-0.04947451092953824	-0.720579999015418	0.10923731484852586	0.6440865656877538	-0.22701639309191252
-0.8857030912103825	0.4294932573671048	-0.013293912629484787	0.10422066570731117	0.14151643304963346
-0.8997317969046108	0.38561853821626135	-0.047412417009832286	0.16023360649725532	0.11772124143468021
0.2873621213129757	-0.6806195227182804	-0.1984146726213561	0.49351872780217787	-0.4138247932716534
-0.9266853175303664	0.2748975798341342	-0.145083403218013	0.21020008034465115	0.021269113962769676
0.6061137737238095	-0.6632978091582602	0.17493966721228146	0.3224572823333196	-0.24099693685605394
-0.18918038214506513	-0.6074826332133708	-0.18791513460230141	0.7138936577587233	-0.2240968115678268
0.24176153637952347	-0.3129159127229911	0.8696885178012318	0.2578446567259518	0.14419780197604418
-0.8718702376158096	0.011102728504735005	0.2701179200845341	0.3761309322181491	0.15899952596600167
-0.8533164909749269	0.4906878559199479	0.050488053452570784	-0.04806314923026498	-0.1619175235345503
-0.31595960760152986	0.5174183856063123	0.6891773754123266	-0.1003314931900178	0.3839477533400647
-0.8883672814343098	0.4363273738422517	-0.010646229294955005	0.08960722097134763	0.1108115511331243
-0.8809020141545635	0.095493245401006	-0.13278766695776995	0.4291790799741977	0.11430413097360036
-0.2925769835548649	0.6408482529872871	0.5718555074453388	-0.4201358375390385	0.013393354952476526
0.3790040394420963	0.12859875284602332	0.887531279957181	-0.09472219154930758	0.2076878243390436
-0.8978411535746	0.4123087678034214	0.0036758685925104536	0.11945980312767966	0.09797237553025993
0.025824019700399825	-0.37969718874023844	-0.36494484529396193	-0.5323466029767664	-0.6622578946767916
-0.1275056685319666	-0.10334991655718452	-0.3748566649730668	-0.3447372527505576	0.8448075559150187
-0.8993004583997831	0.3939387834454706	-0.03466860288755867	0.14179134121013634	0.12150812298401344
0.4780634765620466	0.148948597291211	0.7895831295607088	-0.1379546415963374	0.3267975307702509
0.820471438875567	0.12196865665037038	0.07461293276041729	0.5387219749541992	0.12712910268973646
-0.8985261716517015	0.40925453392106975	-0.029863696011623864	0.11543146123980494	0.10461922738461418
-0.9009965012660172	0.4177007118872996	-0.0019877940137256775	0.10229291293138763	0.05712817723514095
-0.4459293262285548	0.4758422412468598	0.6577967618319304	-0.3565798904521761	-0.12196474614843879
0.24202421834238325	-0.760661559963672	0.029658003352127885	0.5656791403823925	-0.20480669398922005
0.49971115940682304	0.16545408458369656	0.8062995155872603	-0.2553802061865367	0.08703875292495429
-0.5331034627489466	-0.22671739931668738	-0.22919967511656242	0.5076386661567616	-0.5951221827500689
-0.835235106849729	0.44277693850401517	0.32115728609940875	-0.0560784550139973	-0.006641045342336813
0.5558888865275526	-0.713834021369407	0.19277990336023862	-0.14448976180515677	-0.3512650756403842
-0.8889167809526778	0.43192748405047177	-0.03481188670942826	0.08993588644868496	0.11817476014351631
-0.5525896249601892	0.6216094734099998	0.3062673800616851	-0.4568007592598093	-0.07602451711858015
-0.8467195641802827	0.06803951993437748	-0.20898706949066287	0.48442697190220496	-0.009566453931146265
0.08536332859601814	0.1462237680827379	-0.05242121797690237	-0.8616539341123116	-0.475537827636549
-0.8976112012919011	0.3383552609818858	0.05144479709644411	0.23265594760661681	0.1517711816392137
-0.897445004602718	0.38760264943833894	-0.06170459867115268	0.15841440510726057	0.12431439425646566
-0.7458794905587084	-0.06244382968290847	-0.12813277154183142	0.645729591564646	0.07987390771195495
-0.29795804139257887	0.6019170966615777	0.5851918526451075	-0.4527131612144422	-0.03896284867676175
0.13832008488731004	0.2110698287050194	0.6291479952235727	-0.25025122446390796	-0.6912772282432534
0.5029439852549076	-0.6718688722820101	0.1012677253245255	0.34763750594527676	-0.4056261559886831
0.4087491255675657	-0.33616858472321076	0.6784332822933977	0.3326544141809217	-0.3859846592748198
-0.27699208084886145	0.14296207914353504	0.7226643744463771	0.3181218190656653	0.5285753883925681
-0.8949671159828612	0.1289953034201893	-0.051156666333780514	0.41994820085616097	0.058485699894426195
-0.6382309296911697	0.32084623798200074	0.3711690470116177	0.29716016306997095	0.5134669882115679
0.5278449845283052	0.7017912311232968	-0.44197596465597916	0.16695025524196164	-0.07519041938851743
-0.3706015259533981	-0.434437806636768	-0.4573432660877674	0.4019283900308404	-0.5506441749233684
0.6861682631341831	0.5521765368231646	0.2604870788566182	0.17426493529672782	0.35503859075341127
0.03089926017855417	-0.6143049914564039	-0.16714227977838317	0.39977157941693187	-0.6587266168852917
0.32323810239007167	0.26503282208846946	0.8748965787948297	-0.22766996031410938	0.08942649474714685
-0.7221437319870023	-0.22157504643950338	-0.2982718452531271	0.5421065974885196	-0.21579451437868266
-0.2894204419117486	-0.6219898680199273	0.03544891013525972	0.7256992067249646	0.03832033419923748
-0.7108679012874722	0.5857966968824629	0.36510201904532946	-0.11130001656986069	0.0763012374821859
-0.7038150141918714	-0.15223512965165667	-0.20961208646809212	0.6600173581182572	-0.0436892582579365
-0.7712840904173857	-0.10367633552390092	-0.29210336132078724	0.5435758191886398	-0.11650332364296848
-0.663426414674442	0.44522126572026144	0.42928029220384545	0.14962029778161415	0.39366942233273094
0.21086780364458002	-0.3889592715535534	0.7180097343931133	0.3654194243290226	0.39392400294779756
0.16545940129863296	-0.7336542834403139	-0.14440093175866464	0.5655320507678536	-0.30609875754911636
-0.5507678780804266	0.2873248034673828	0.5763283681177614	0.28456096353468335	0.44829663385100826
-0.894080873295674	0.43707087860851696	-0.009567493220627768	0.05362999830137105	0.08136784029880748
-0.7090793634693683	0.6059641840599179	0.21990326118544265	-0.019885654932798553	0.28506311649593313
0.22331903185560312	-0.6549520197168568	0.3558224936343466	0.6181368257208631	0.11164085090797506
-0.9135237515330714	0.3072212280956301	-0.14133932522190126	0.22215138660754336	0.04196938129778969
-0.9207027948630812	0.26627563782876945	-0.01090319065460279	0.28171146062364444	0.043856830905064786
-0.7730238070977943	0.4733430809466773	0.3384245590410641	0.04898127123655496	0.24789145666168422
-0.5124328138030875	0.33441455999580183	0.4897341861290084	-0.29053079003847276	-0.5489369730459439
-0.5603958338743135	0.5583840565375497	0.5456593417164719	-0.055983608305648934	0.2707128980665856
-0.9037442102752046	0.3860115388476182	-0.0518646531969696	0.14061456864915492	0.1085315396689407
-0.8618659401710851	0.4819495071333008	0.15695077228191917	-0.0036818894562359586	0.016268758929967972
0.209723992794612	0.07705325228376338	0.09965615430279494	-0.8981803148281481	-0.36526622636587486
-0.0175425526439992	0.515714602375292	0.588172609861958	-0.5793321187042972	-0.22838122731387053
-0.8392885750237912	0.522669113225145	0.08565605820690433	-0.12068903634649779	0.022558415573435464
0.35865648055597704	0.24105944975663174	0.78820487573244	-0.07244158188227841	0.43213558257129436
0.12230557126864548	-0.035396208821555565	-0.16572909175770617	-0.4306776870580743	0.8779744037574128
-0.8255091796086157	0.46066702773563967	0.1695881665120916	0.09458024620138758	0.2619444879104612
-0.28959781767520765	-0.672159927689716	0.0686702625228364	0.32758075376956947	-0.5935565519903883
-0.12911511664764097	0.05938519788720912	-0.23703818527828552	-0.865998596388368	-0.4167277464944191
-0.7102022889391073	-0.13306253361919237	-0.382436286525986	0.5348916575829306	-0.21340213759213608
0.593341815998555	0.6199334548868404	-0.31216184888817994	0.09775761248004222	-0.3957605718114396
0.364689052374308	-0.7552249295239786	-0.07420631913975778	0.47287163125025783	-0.2598519645149506
-0.9123634715758367	0.23367472979932766	-0.13274963061820982	0.2872842865492843	0.1132885283684805
-0.8980005182318389	0.3919775852665214	-0.0492399352401252	0.15313232380384584	0.11863625958347636
0.09958214598841976	-0.6938008420848725	-0.33635809580823145	0.4635428780028962	-0.42510589193719195
-0.7385360984710925	0.48664782519464767	0.3649867376430363	0.02822689982580726	0.28935488411176646
-0.9238225016787592	0.25406586015268245	-0.14245913226326845	0.24817564070971831	0.010806067276950656
-0.8509859878177768	0.05881233132941566	0.2021408336407464	0.3842872655197169	-0.2895277865003706
-0.8761251129797283	0.4696354388003291	0.031195151768148438	0.008812924059926919	0.10390638048145599
0.1499023712967677	-0.6424351553681943	-0.352135981714265	0.32222552970003115	-0.5804974665046481
0.06993869103565677	-0.12397096072812917	0.7539252341528103	0.19226076317545107	-0.6118597230110729
0.4350681068325379	0.6403360185709837	-0.5770484765718621	0.2424535010414994	-0.09442923941568657
-0.1905656849765743	0.368585028200579	0.8715717289386481	0.013006769206473293	0.2608128485437259
-0.8995417047665709	0.40405109641730097	-0.004694696574279693	0.13097368065949266	0.10193766560113743
-0.1240972734177046	-0.017597080271844957	-0.31065343637116977	-0.4392871466253257	0.8335535104459466
-0.6580123967371605	0.4758876246150493	0.2894094796560773	-0.37304144426729924	-0.34297651293146836
-0.3117394015183953	-0.02675066707721141	-0.4032425363687171	-0.7209011039220509	-0.4688283295394692
-0.8683760597400649	0.33977271426473477	0.1507022807124739	0.20967249390010648	0.2525941198865538
-0.04781445555075743	-0.5922486719575785	-0.24860300589794374	0.3170657382687132	-0.696147363335876
-0.4422890192829274	0.8183513144794317	0.2714971671487292	-0.21128650029582802	0.12778439863492186
0.129435149380299	0.17596327691287483	0.027588503832346414	-0.8905458789924615	-0.39805826099808467
0.24952744494064077	-0.4203973688296967	-0.1677909434645952	-0.11391190649924972	0.8484529352600713
-0.8891978365386279	0.43090734388926566	-0.03545671740817824	0.09157797008183875	0.11833158945796396
-0.7570013216244816	-0.2054585270231729	-0.3042107167918555	0.5372361694654112	-0.05974052844906632
-0.8678704270201567	0.4775412975734404	0.05213011781563069	0.010217533598115074	0.1262271121408775
-0.8943263729514787	0.4134029285238789	-0.036731233385784996	0.12036749680575261	0.11593463476463635
-0.6549372204536242	-0.1937535650264625	-0.38974066503687327	0.49637517899887446	-0.36773725538007196
0.47873514807512046	-0.6888318460655315	-0.0721470686743179	-0.17952816742063965	-0.508810164430443
0.34826438626841705	0.3075628706984358	-0.6281901837684559	0.6219114450571614	0.052155971361742076
0.11062976391992034	-0.7029690580794609	-0.19281339973239636	-0.5243725463636478	-0.4259718115340935
-0.8969418182484094	0.35786050543350817	0.10415851918191903	0.2143761690438394	0.10307809833339285
0.4357387653068147	0.18714055414087152	0.39112929224982745	-0.7514880993059915	-0.23956972836808385
0.1302662331359012	0.4840710750712419	0.7647374446023958	-0.37073274541815204	0.1626031213773967
0.5643919631447076	0.22518546542233805	0.6869304808289012	-0.39851751245823014	-0.007970249209830617
-0.1811184198310703	-0.6488688731612343	-0.08812739721123583	0.697192709602439	-0.22873825866773703
0.16024976912036148	-0.7116926629221426	-0.31673898189780414	0.43154537716391483	-0.42574472378933514
0.023333140276670685	-0.6267200443862752	0.11381964647655403	0.7505129514459703	0.1745077313963638
-0.8946298500338106	0.42289789751187323	-0.026909318964832084	0.10002471199562586	0.10032818772189543
-0.9026217623129339	0.3903109814315146	-0.05968361810720154	0.13521905041387552	0.10528516565910291
0.6184822091754866	-0.0687550537404206	0.7618182437903186	-0.13292802927731515	-0.12130788094450155
0.4608013472471439	-0.4962790881301551	0.2535171963450169	0.12504336237746083	-0.6793102190771312
0.4069722827915146	0.1610928082063386	0.8635098852704951	-0.2413468256912426	-0.06726853612616114
-0.8107819231830206	-0.003070835884100524	-0.16381279386310535	0.5599079963486554	-0.047871152046021784
0.1621319244994116	0.149258004647859	0.8887050355909571	-0.35603597340104715	-0.18675393561127784
